<?xml version="1.0" encoding="UTF-8" standalone="no"?>
<properties>
    <entries>
        <db>
            <datasource>
                <cache>
                    <InitialLimit>2</InitialLimit>
		    <MaxLimit>25</MaxLimit>
                    <XYZ>&lt;See mysql connection cache properties for more&gt;</XYZ>
                    <MaxStatementsLimit>20</MaxStatementsLimit>
		    <InactivityTimeout>300</InactivityTimeout>
		    <ValidateConnection>true</ValidateConnection>
                </cache>
                <connection>
                    <defaultBatchValue>-1</defaultBatchValue>
                    <defaultRowPrefetch>-1</defaultRowPrefetch>
                    <autoCommit>false</autoCommit>                    
                    <url>jdbc:mysql://localhost:3306/vn_golf?zeroDateTimeBehavior=convertToNull</url>
                    <user>root</user>
                    <password>12111993</password>
                </connection>
                <fastConnectionFailoverEnabled>false</fastConnectionFailoverEnabled>
                <statement_cached>false</statement_cached>
                <connection_cached>true</connection_cached>
            </datasource>
            <driver>com.mysql.jdbc.Driver</driver>
            <datasource>BasicDataSource</datasource>
        </db>
    </entries>
    <comment>DBConnector Configurations</comment>
</properties>

